{
    "Accuracy": 0.9533376539209333,
    "Precision": 0.9164086687306502,
    "Recall": 0.8680351906158358,
    "F1 Score": 0.891566265060241,
    "ROC AUC": 0.9841149403974802,
    "PR AUC": 0.9479534792316262
}